cid,time,trt,age,wtkg,hemo,homo,drugs,karnof,oprior,z30,zprior,preanti,race,gender,str2,strat,symptom,treat,offtrt,cd40,cd420,cd80,cd820,cd40/cd80,cd420/cd820,ratio_differences,composite_index,highlighted_differences
0,974.4388133498146,1.5747836835599505,34.90049443757726,75.00337913473423,0.08590852904820766,0.646477132262052,0.14091470951792337,95.7911001236094,0.018541409147095178,0.5148331273176762,1.0,345.0228677379481,0.30284301606922126,0.8182941903584673,0.5512978986402967,0.0,0.14524103831891225,0.7830655129789864,0.3374536464771323,362.9894932014833,399.6903584672435,968.827564894932,930.4487021013597,0.4475229903597308,0.499353622509668,0.05183063214993717,173.577564894932,6.46885940106177
1,583.0115163147792,1.3531669865642995,36.32821497120921,75.50397650671785,0.07869481765834933,0.7063339731285988,0.1017274472168906,94.37619961612285,0.03262955854126679,0.6602687140115163,1.0,485.23992322456814,0.2437619961612284,0.8579654510556622,0.6928982725527831,0.0,0.2591170825335892,0.6525911708253359,0.44145873320537427,311.7178502879079,283.1612284069098,1041.9059500959693,950.6525911708253,0.3617615810617864,0.3506060975150258,-0.011155483546760594,243.97312859884838,1.107383166056802
