cid,time,trt,age,wtkg,hemo,homo,drugs,karnof,oprior,z30,zprior,preanti,race,gender,str2,strat,symptom,treat,offtrt,cd40,cd420,cd80,cd820,cd40/cd80,cd420/cd820,ratio_differences,highlighted_differences,prior175_composite
0,1053.2340876944838,1.5926449787835926,35.30975954738331,75.09207117397453,0.07637906647807638,0.6647807637906648,0.1364922206506365,95.80622347949081,0.019094766619519095,0.5297029702970297,1.0,359.502828854314,0.285007072135785,0.8231966053748232,0.5643564356435643,0.5643564356435643,0.14427157001414428,0.7927864214992928,0.24752475247524752,365.95756718529,405.2793493635078,975.5898161244696,937.4766619519095,0.4486351611856538,0.5021132395519268,0.05347807836627297,7.238161769013621,181.09016973125884
1,583.0115163147792,1.3531669865642995,36.32821497120921,75.50397650671785,0.07869481765834933,0.7063339731285988,0.1017274472168906,94.37619961612285,0.03262955854126679,0.6602687140115163,1.0,485.23992322456814,0.2437619961612284,0.8579654510556622,0.6928982725527831,0.6928982725527831,0.2591170825335892,0.6525911708253359,0.44145873320537427,311.7178502879079,283.1612284069098,1041.9059500959693,950.6525911708253,0.3617615810617864,0.3506060975150258,-0.011155483546760594,1.107383166056802,244.15930902111324
